rank,article,wikipedia_url,views,category,what_it_is,why_now,confidence,sources
1,Cookie (informatique),https://fr.wikipedia.org/wiki/Cookie_(informatique),304107,Trafic inexpliqué,Un cookie est un petit fichier qu'un site web dépose dans le navigateur pour reconnaître un visiteur d'une page à l'autre.,"Aucune actu derrière. 304 000 vues pour un article technique, c'est six fois plus que le numéro 2. Ça ressemble à du trafic automatique, ou à un lien « en savoir plus » glissé dans un bandeau cookies très fréquenté. Je ne peux pas trancher entre les deux.",Hypothèse,
2,Justin Bieber,https://fr.wikipedia.org/wiki/Justin_Bieber,49349,Moment viral,"Chanteur canadien né en 1994, repéré adolescent grâce à ses vidéos YouTube et devenu l'une des plus grandes stars de la pop.","Mercredi soir, Hailey Bieber était chez Quotidien pour lancer sa marque Rhode en France. Elle a lâché : « Mon mari est français. » Yann Barthès est resté sans voix, et tout le monde est allé vérifier. Verdict : Justin Bieber est canadien, avec une mère d'origine canadienne-française. La page « Canadiens français » est entrée dans le top 100 le même soir.",Confirmé,https://www.parismatch.be/actualites/people/2026/10/01/mon-mari-est-francais-hailey-bieber-cree-la-surprise-sur-le-plateau-de-quotidien-TG3K4FZSAFDVDLPUSZBTWSOQ3E/ | https://fr.news.yahoo.com/sport/chez-quotidien-hailey-bieber-surpris-082544634.html
3,Sœurs (mini-série),https://fr.wikipedia.org/wiki/Sœurs_(mini-série),36371,Télé et cinéma,"Mini-série franco-belge en quatre épisodes, un thriller psychologique coproduit par France Télévisions et la RTBF.","France 2 a lancé la série mercredi à 21 h 10 avec les deux premiers épisodes. Lola Dewaere y joue des jumelles dont l'échange d'identité tourne au drame. Près de 3 millions de personnes ont regardé, et une partie a ouvert Wikipédia en même temps.",Confirmé,https://fr.wikipedia.org/wiki/S%C5%93urs_(mini-s%C3%A9rie) | https://www.universfreebox.com/article/597774/france-tv-met-en-ligne-soeurs-avec-lola-dewaere-avant-sa-diffusion-sur-france-2
4,Cette femme-là,https://fr.wikipedia.org/wiki/Cette_femme-là,35719,Télé et cinéma,"Film policier français de Guillaume Nicloux sorti en 2003, deuxième volet d'une trilogie.","Arte a diffusé ce polar de 2003 mercredi à 20 h 55. Josiane Balasko y joue une flic à la dérive, un de ses rares grands rôles dramatiques. Les deux autres films de la trilogie de Guillaume Nicloux, « Une affaire privée » et « La Clef », sont montés dans le top 100, tout comme la fiche du réalisateur.",Confirmé,https://www.moustique.be/television/2026/09/30/les-films-a-la-tele-ce-mercredi-30-septembre-entre-lhumour-ravageur-de-mash-et-lemotion-de-des-preuves-damour-que-regarder-ce-soir-X34YIZVES5CQXBTIB3C4R77ADI/
5,Fatima Ezzahra El Mansouri,https://fr.wikipedia.org/wiki/Fatima_Ezzahra_El_Mansouri,34407,Actualité,"Avocate et femme politique marocaine née en 1976, maire de Marrakech et dirigeante du Parti authenticité et modernité (PAM).","Mardi 29 septembre, le roi Mohammed VI l'a nommée cheffe du gouvernement du Maroc. C'est la première femme à ce poste. Son parti, le PAM, est arrivé en tête des législatives du 23 septembre avec 97 sièges sur 395. Elle doit maintenant former une coalition.",Confirmé,https://fr.allafrica.com/stories/202609290748.html
6,Lizzie Borden,https://fr.wikipedia.org/wiki/Lizzie_Borden,29907,Télé et cinéma,"Américaine du XIXe siècle, au centre de l'un des faits divers les plus célèbres des États-Unis.","L'effet Netflix. La saison 4 de « Monstre », sortie le 17 septembre, raconte son histoire : elle a été accusée d'avoir tué son père et sa belle-mère à la hache en 1892, puis acquittée. On finit un épisode, on va vérifier ce qui est vrai. Même phénomène côté anglophone, en bien plus gros.",Probable,https://top.hatnote.com/fr/wikipedia/2026/9/30.html
7,Liste de sondages sur l'élection présidentielle française de 2027,https://fr.wikipedia.org/wiki/Liste_de_sondages_sur_l'élection_présidentielle_française_de_2027,23805,Actualité,Page qui recense tous les sondages d'intentions de vote pour la présidentielle française de 2027.,"Le premier tour est dans moins de sept mois, le 18 avril 2027, et cette page sert de tableau de bord. Avec l'affaire Bardella qui occupe la semaine, beaucoup viennent voir où en sont les chiffres.",Probable,https://top.hatnote.com/fr/wikipedia/2026/9/30.html
8,Alain Soral,https://fr.wikipedia.org/wiki/Alain_Soral,23766,Actualité,"Idéologue d'extrême droite franco-suisse, essayiste et figure du web, connu pour ses positions antisémites et complotistes.","Son nom revient partout dans la couverture de l'affaire Bardella-Mediapart (voir les numéros 13 et 14). Plusieurs médias ont republié son parcours mercredi. Condamné en février à deux ans de prison, visé par un mandat d'arrêt, il vit désormais à Moscou.",Probable,https://lessentieldeleco.fr/8708-alain-soral-lantisemitisme-a-lere-des-reseaux-sociaux/ | https://www.franceinfo.fr/politique/jordan-bardella/la-suite-de-nos-revelation-arrive-promet-fabrice-arfi-de-mediapart-apres-les-accusations-d-antisemitisme-contre-jordan-bardella_8215730.html
9,Hailey Baldwin,https://fr.wikipedia.org/wiki/Hailey_Baldwin,22577,Moment viral,"Mannequin et entrepreneuse américaine, plus connue aujourd'hui sous le nom de Hailey Bieber. C'est l'épouse de Justin Bieber.","C'est elle, l'invitée de Quotidien. Sa phrase sur son mari « français » a fait le tour des réseaux dans la soirée. Son père, Stephen Baldwin, est entré dans le top 100 lui aussi.",Confirmé,https://www.parismatch.be/actualites/people/2026/10/01/mon-mari-est-francais-hailey-bieber-cree-la-surprise-sur-le-plateau-de-quotidien-TG3K4FZSAFDVDLPUSZBTWSOQ3E/
10,Lionel Messi,https://fr.wikipedia.org/wiki/Lionel_Messi,22133,Toujours populaires,"Footballeur argentin, attaquant de l'Inter Miami, considéré comme l'un des meilleurs joueurs de l'histoire.","Je n'ai pas trouvé de déclencheur précis. Messi et Ronaldo font partie des pages qui reviennent sans arrêt dans le classement, portées par un fond de curiosité permanent. À prendre comme un habitué, pas comme une actu.",Hypothèse,
11,Theodore Kaczynski,https://fr.wikipedia.org/wiki/Theodore_Kaczynski,20943,Télé et cinéma,"Terroriste américain surnommé Unabomber, mathématicien de formation, mort en 2023.","Netflix a sorti le film « Unabomber », qui raconte son parcours, le 25 septembre, avec Russell Crowe. Depuis, sa fiche grimpe dans toutes les langues.",Confirmé,https://top.hatnote.com/fr/wikipedia/2026/9/30.html
12,Tony Parker,https://fr.wikipedia.org/wiki/Tony_Parker,19015,Télé et cinéma,"Ancien meneur des San Antonio Spurs et de l'équipe de France de basket, retraité des parquets depuis 2019.","Il était l'invité de « Rendez-vous en terre inconnue » mardi soir sur France 2. Laury Thilleman l'a emmené en Angola, chez les Ovakuvale. 2,29 millions de téléspectateurs, puis les extraits ont tourné toute la journée de mercredi.",Confirmé,https://www.ozap.com/actu/audiences-quel-score-pour-rendez-vous-en-terre-inconnue-avec-tony-parker-sur-france-2-face-a-koh-lanta-sur-tf1-et-la-stagiaire-sur-france-3/657209
13,Mediapart,https://fr.wikipedia.org/wiki/Mediapart,18921,Actualité,"Journal d'investigation en ligne, fondé en 2007 par un groupe de journalistes dont Edwy Plenel.","Lundi, le site a publié une enquête attribuant à Jordan Bardella des propos antisémites qu'il aurait tenus il y a treize ans, à ses débuts au Front national. Bardella dément, parle de faux et annonce des plaintes. Mercredi matin sur franceinfo, Fabrice Arfi a répondu que « la suite arrive ». Les fiches d'Edwy Plenel et de Fabrice Arfi ont suivi.",Confirmé,https://www.franceinfo.fr/politique/jordan-bardella/la-suite-de-nos-revelation-arrive-promet-fabrice-arfi-de-mediapart-apres-les-accusations-d-antisemitisme-contre-jordan-bardella_8215730.html
14,Jordan Bardella,https://fr.wikipedia.org/wiki/Jordan_Bardella,17072,Actualité,"Homme politique français né en 1995, président du Rassemblement national depuis 2021.","L'autre côté de la même affaire. Le président du RN conteste les révélations de Mediapart et a annoncé deux plaintes, l'une pour diffamation, l'autre pour faux et usage de faux. À sept mois de la présidentielle, sa page est scrutée.",Confirmé,https://www.franceinfo.fr/politique/jordan-bardella/la-suite-de-nos-revelation-arrive-promet-fabrice-arfi-de-mediapart-apres-les-accusations-d-antisemitisme-contre-jordan-bardella_8215730.html
15,Lola Dewaere,https://fr.wikipedia.org/wiki/Lola_Dewaere,16555,Télé et cinéma,"Actrice française, fille de Patrick Dewaere, connue pour la série « Astrid et Raphaëlle ».","Elle tient le double rôle principal de « Sœurs » sur France 2 (numéro 3). Le réflexe classique devant la télé : « Elle jouait dans quoi, déjà ? »",Confirmé,https://www.universfreebox.com/article/597774/france-tv-met-en-ligne-soeurs-avec-lola-dewaere-avant-sa-diffusion-sur-france-2
16,"Digger (film, 2026)","https://fr.wikipedia.org/wiki/Digger_(film,_2026)",15493,Télé et cinéma,"Comédie noire d'Alejandro González Iñárritu sortie en 2026, avec Tom Cruise dans le rôle-titre.","La page monte aussi fortement en anglais, signe que la sortie et les critiques arrivent. Je n'ai pas vérifié la date de sortie française.",Probable,https://top.hatnote.com/fr/wikipedia/2026/9/30.html
17,Hermann Göring,https://fr.wikipedia.org/wiki/Hermann_Göring,14473,Télé et cinéma,"Dirigeant nazi de premier plan et criminel de guerre allemand, jugé au procès de Nuremberg et mort en 1946.","Canal+ a diffusé le film « Nuremberg » mardi soir, puis Canal+ Cinéma mercredi à 21 h. Russell Crowe y joue Göring face au psychiatre Douglas Kelley. Le procès, le film, le psychiatre et même la fille de Göring sont dans le top 100.",Confirmé,https://www.serie-news.com/tnt/canal/canal-cinema/50694-nuremberg-sur-canal-cinema-russell-crowe-en-goring-face-au-psychiatre-de-rami-malek-avant-le-proces-du-siecle-30-09-2026/
18,David Lisnard,https://fr.wikipedia.org/wiki/David_Lisnard,13805,Actualité,"Homme politique français, maire de Cannes depuis 2014 et président de l'Association des maires de France.","Pas de déclencheur trouvé. Le maire de Cannes est très présent dans la précampagne présidentielle, et un passage télé ou radio suffit en général à produire ce genre de pic. C'est une supposition, pas une certitude.",Non résolu,
19,Bernard-Henri Lévy,https://fr.wikipedia.org/wiki/Bernard-Henri_Lévy,13457,Actualité,"Écrivain, philosophe et cinéaste français, figure médiatique depuis les années 1970, souvent appelé BHL.","Il publie ses « Mémoires provisoires », 864 pages, en librairie le 1er octobre. Une du Point, soirée de lancement, tournée des médias. Son ami Jean-Paul Enthoven, très présent dans le livre, est entré dans le top 100.",Confirmé,https://laregledujeu.org/2026/09/28/51594/memoires-dune-enfant-du-siecle-le-livre-de-la-vie-de-bernard-henri-levy/
20,Laury Thilleman,https://fr.wikipedia.org/wiki/Laury_Thilleman,13142,Télé et cinéma,"Animatrice de télévision française, élue Miss France 2011.",Elle présente « Rendez-vous en terre inconnue » depuis 2025. C'est elle qui accompagnait Tony Parker en Angola mardi soir (numéro 12).,Confirmé,https://www.ozap.com/actu/audiences-quel-score-pour-rendez-vous-en-terre-inconnue-avec-tony-parker-sur-france-2-face-a-koh-lanta-sur-tf1-et-la-stagiaire-sur-france-3/657209
21,Edwy Plenel,https://fr.wikipedia.org/wiki/Edwy_Plenel,12304,Actualité,"Journaliste politique français, passé par Le Monde, cofondateur de Mediapart.","Quand Mediapart sort une enquête qui fait du bruit, on va voir qui est derrière. Suite directe du numéro 13.",Probable,https://www.franceinfo.fr/politique/jordan-bardella/la-suite-de-nos-revelation-arrive-promet-fabrice-arfi-de-mediapart-apres-les-accusations-d-antisemitisme-contre-jordan-bardella_8215730.html
22,Cristiano Ronaldo,https://fr.wikipedia.org/wiki/Cristiano_Ronaldo,12106,Toujours populaires,"Footballeur portugais, attaquant d'Al-Nassr en Arabie saoudite, meilleur buteur de l'histoire du football selon la FIFA.","Même cas que Messi : un habitué du classement, sans actu particulière que j'aie pu identifier mercredi.",Hypothèse,
23,Jean-Paul Dubois,https://fr.wikipedia.org/wiki/Jean-Paul_Dubois,11982,Télé et cinéma,"Écrivain français né à Toulouse en 1950, prix Goncourt 2019.","Il était l'invité de « La Grande Librairie » mercredi soir sur France 5 pour son nouveau roman, « Chacun ». Les autres invités de l'émission, Véronique Ovaldé, Louise Chennevière et Rachida Brakni, sont aussi dans le top 100.",Confirmé,"https://www.coulisses-tv.fr/index.php/magazines/item/56257-la-grande-librairie-mercredi-30-septembre-2026,-les-invit%C3%A9s-re%C3%A7us-par-augustin-trapenard-sur-france-5"
24,Léon XIV,https://fr.wikipedia.org/wiki/Léon_XIV,11941,Actualité,"Le pape actuel, élu le 8 mai 2025. Né à Chicago, c'est le premier pape originaire des États-Unis.",Non résolu. Je n'ai pas trouvé ce qui a ramené les lecteurs vers la fiche du pape mercredi.,Non résolu,
25,XXX,https://fr.wikipedia.org/wiki/XXX,11744,Trafic inexpliqué,"Page d'homonymie : « XXX » peut désigner le nombre 30 en chiffres romains, mais aussi bien d'autres choses.",Près de 12 000 vues sans aucune actu. Le Wikipédia anglophone connaît la même chose avec « .xxx » depuis plus d'une semaine. C'est très probablement du trafic automatique ou des adresses mal tapées.,Probable,
